<?xml version="1.0" encoding="UTF-8"?>
<!DOCTYPE struts PUBLIC
"-//Apache Software Foundation//DTD Struts Configuration 2.0//EN"
"http://struts.apache.org/dtds/struts-2.0.dtd">
<struts>
	<constant name="struts.devMode" value="simple" />
	<constant name="struts.custom.i18n.resources" value="com.internousdev.footprinter.property.header,
	                                                     com.internousdev.footprinter.property.login,
	                                                     com.internousdev.footprinter.property.main,
	                                                     com.internousdev.footprinter.property.payment-confirm,
	                                                     com.internousdev.footprinter.property.purchase-confirm,
	                                                     com.internousdev.footprinter.property.registration,
	                                                     com.internousdev.footprinter.property.sign-up-confirm,
	                                                     com.internousdev.footprinter.property.sign-up,
	                                                     com.internousdev.footprinter.property.thankyu,
	                                                     com.internousdev.footprinter.property.tour-detail,
	                                                     com.internousdev.footprinter.property.tour-list,
	                                                     com.internousdev.footprinter.property.validation,
	                                                     com.internousdev.footprinter.property.tour-detail,
	                                                     com.internousdev.footprinter.property.sign-up,
	                                                     com.internousdev.footprinter.property.purchase-registration,
	                                                     com.internousdev.footprinter.property.purchase-confirm,
	                                                     com.internousdev.footprinter.property.payment-confirm," />
	<package name="com.internousdev.footprinter.action" extends="struts-default, json-default"
		namespace="/">

		<!-- メイン画面 -->
		<action name="main" class="com.internousdev.footprinter.action.GoMainAction"
			method="execute">
			<result name="success">main.jsp</result>
		</action>

		<!-- ログイン画面 -->
		<action name="login"
			class="com.internousdev.footprinter.action.GoLoginAction" method="execute">
			<result name="success">login.jsp</result>
		</action>

		<!-- ログイン処理 -->
		<action name="login-action" class="com.internousdev.footprinter.action.LoginAction"
			method="execute">
			<result name="success" type="redirectAction">main</result>
			<result name="error">login.jsp</result>
			<result name="input">login.jsp</result>
		</action>

        <!-- Twitter認証を行うアクション -->
		<action name="login-twitter" class="com.internousdev.footprinter.action.GoTwitterAction" method="execute">
           <result name="success">index.jsp</result>
           <result name="error">login.jsp</result>
       </action>

		<!-- Twitter認証のコールバックアクション -->
		<action name="login-twitter-action" class="com.internousdev.footprinter.action.LoginTwitterAction" method="execute">
			<result name="success" type="redirectAction">main</result>
			<result name="error">login.jsp</result>
        </action>

		<!-- Google認証を行うアクション -->
		<action name="login-google" class="com.internousdev.footprinter.action.GoGoogleAction" method="execute">
			<result name="success">index.jsp</result>
			<result name="error">login.jsp</result>
		</action>

		<!-- Google認証のコールバックアクション -->
		<action name="login-google-action" class="com.internousdev.footprinter.action.LoginGoogleAction" method="execute">
			<result name="success" type="redirectAction">main</result>
			<result name="error">login.jsp</result>
		</action>

		<!-- Facebook認証を行うアクション -->
		<action name="login-facebook" class="com.internousdev.footprinter.action.GoFacebookAction" method="execute">
            <result name="success">index.jsp</result>
            <result name="error">login.jsp</result>
		</action>

		<!-- Facebook認証のコールバックアクション -->
		<action name="login-facebook-action" class="com.internousdev.footprinter.action.LoginFacebookAction" method="execute">
            <result name="success" type="redirectAction">main</result>
            <result name="error">login.jsp</result>
		</action>
		
		<!-- ログアウト処理 -->
        <action name="logout"
            class="com.internousdev.footprinter.action.LogoutAction" method="execute">
            <result name="success" type="redirectAction">main</result>
        </action>

		<!-- 新規画面 -->
		<action name="sign-up" method="execute"
			class="com.internousdev.footprinter.action.GoSignUpAction">
			<result name="success">sign-up.jsp</result>
		</action>

		<!-- 新規登録確認画面 -->
		<action name="sign-up-confirm" method="execute"
			class="com.internousdev.footprinter.action.SignUpConfirmAction">
			<result name="success">sign-up-confirm.jsp</result>
			<result name="error">sign-up.jsp</result>
			<result name="input">sign-up.jsp</result>
		</action>

		<!-- 新規登録完了画面 -->
		<action name="sign-up-registration" method="execute"
			class="com.internousdev.footprinter.action.SignUpRegistrationAction">
			<result name="success">registration.jsp</result>
			<result name="error">sign-up-confirm.jsp</result>
		</action>


		<!-- イベント一覧画面 -->
        <action name="tour-list" method="execute"
            class="com.internousdev.footprinter.action.GoTourListAction">
            <result name="success">tour-list.jsp</result>
            <result name="error" type="redirectAction">
            	<param name="actionName">main</param>
            </result>
        </action>

		<!-- 旅詳細画面 -->
		<action name="tour-detail"
			class="com.internousdev.footprinter.action.GoTourDetailAction"
			method="execute">
			<result name="success">tour-detail.jsp</result>
		</action>

		<!-- コメント入出力処理 -->
		<action name="comment-action"
			class="com.internousdev.footprinter.action.TourDetailCommentAction"
			method="execute">
			<result name="success" type="json"><param name="root">commentList</param></result>
			<result name="error" type="json"><param name="root">false</param></result>
		</action>

		<!-- 購入確認画面 -->
		<action name="purchase-confirm"
			class="com.internousdev.footprinter.action.PurchaseConfirmAction"
			method="execute">
			<interceptor-ref name="defaultStack" />
            <interceptor-ref name="store">
              <param name="operationMode">RETRIEVE</param>
            </interceptor-ref>
			<result name="success">purchase-confirm.jsp</result>
			<result name="nologin">login.jsp</result>
            <result name="error" type="redirectAction">
            	<param name="actionName">main</param>
            </result>
        </action>

		<!-- 購入完了画面 -->
		<action name="purchase-registration"
			class="com.internousdev.footprinter.action.PurchaseRegistrationAction"
			method="execute">
			<result name="success">thankyou.jsp</result>
			<result name="nologin">login.jsp</result>
            <result name="error" type="redirectAction">
            	<param name="actionName">main</param>
            </result>
        </action>

		<!-- 支払情報確認画面 -->
		<action name="payment-confirm"
			class="com.internousdev.footprinter.action.PaymentConfirmAction"
			method="execute">
			<interceptor-ref name="store">
              <param name="operationMode">STORE</param>
            </interceptor-ref>
            <interceptor-ref name="defaultStack" />
			<result name="success">payment-confirm.jsp</result>
			<result name="nologin">login.jsp</result>
			<result name="input" type="redirectAction">
				<param name="actionName">purchase-confirm</param>
			</result>
            <result name="error" type="redirectAction">
            	<param name="actionName">main</param>
            </result>
        </action>

		<!-- 支払い情報登録完了 -->
		<action name="payment-registration"
			class="com.internousdev.footprinter.action.PaymentRegistrationAction"
			method="execute">
			<result name="success" type="redirectAction">purchase-confirm</result>
			<result name="nologin">login.jsp</result>
			<result name="input">payment-confirm.jsp</result>
            <result name="error" type="redirectAction">
            	<param name="actionName">main</param>
            </result>
        </action>

		<!-- 管理者ログイン画面 -->
		<action name="admin-login"
			class="com.internousdev.footprinter.action.GoAdminLoginAction"
			method="execute">
			<result name="success">admin/login.jsp</result>
		</action>

		<!-- 管理者ログイン処理 -->
		<action name="admin-login-action"
             class="com.internousdev.footprinter.action.AdminLoginAction"
             method="execute">
             <result name="success" type="redirectAction">
                 <param name="actionName">user-list</param>
             </result>
             <result name="input">admin/login.jsp</result>
            <result name="error">admin/login.jsp</result>
        </action>

        <!-- 管理者ログアウト処理 -->
        <action name="admin-logout"
             class="com.internousdev.footprinter.action.AdminLogoutAction"
             method="execute">
             <result name="success" type="redirectAction">
                 <param name="actionName">admin-login</param>
             </result>
        </action>
        
		<!-- 管理者ユーザー情報画面 -->
		<action name="user-list"
			class="com.internousdev.footprinter.action.GoUserListAction"
			 method="execute">
			<result name="success">admin/user-list.jsp</result>
            <result name="error" type="redirectAction">
            	<param name="actionName">admin-login</param>
            </result>
        </action>

		<!-- 管理者ユーザー削除処理 -->
		<action name="UserDeleteAction"
			class="com.internousdev.footprinter.action.UserDeleteAction"
			method="execute">
			<result name="success" type="redirectAction"><param name="actionName">user-list</param></result>
			<result name="error" type="redirectAction"><param name="actionName">user-list</param></result>
		</action>

		<!-- 管理者イベント一覧画面 -->
		<action name="event-list"
			class="com.internousdev.footprinter.action.GoEventListAction"
			method="execute">
			<result name="success">admin/event-list.jsp</result>
            <result name="error" type="redirectAction">
            	<param name="actionName">admin-login</param>
            </result>
        </action>

		<!-- 管理者イベント削除処理 -->
		<action name="event-delete"
			class="com.internousdev.footprinter.action.EventDeleteAction"
			method="execute">
			<result name="success" type="redirectAction"><param name="actionName">event-list</param></result>
			<result name="error" type="redirectAction"><param name="actionName">event-list</param></result>
		</action>

		<!-- 管理者イベント登録画面 -->
		<action name="event-entry"
			class="com.internousdev.footprinter.action.GoEventEntryAction"
			method="execute">
			<result name="success">admin/event-entry.jsp</result>
            <result name="error" type="redirectAction">
            	<param name="actionName">admin-login</param>
            </result>
        </action>

		<!-- 管理者イベント登録確認処理 -->
		<action name="event-entry-confirm"
            class="com.internousdev.footprinter.action.EventEntryConfirmAction"
            method="execute">
            <interceptor-ref name="fileUpload">
                <param name="maximumSize">2097152</param>
                <param name="allowedTypes">image/png,image/gif,image/jpeg,image/pjpeg</param>
            </interceptor-ref>
            <interceptor-ref name="defaultStack"></interceptor-ref>
            <result name="success">admin/event-entry-confirm.jsp</result>
            <result name="input">admin/event-entry.jsp</result>
            <result name="error" type="redirectAction">
            	<param name="actionName">admin-login</param>
            </result>
        </action>
        
        <action name="event-entry-registration"
			class="com.internousdev.footprinter.action.EventEntryRegistrationAction"
			method="execute">
			<result name="success">admin/event-entry-registration.jsp</result>
            <result name="error" type="redirectAction">
            	<param name="actionName">admin-login</param>
            </result>
        </action>

</package>
</struts>