<?xml version="1.0" encoding="UTF-8"?>
<!DOCTYPE struts PUBLIC
"-//Apache Software Foundation//DTD Struts Configuration 2.0//EN"
"http://struts.apache.org/dtds/struts-2.0.dtd">

<struts>
  <constant name="struts.devMode" value="false" />
  <package name="com.internousdev.JissenKadai4.action" namespace="/" extends="struts-default">
    <action name="LoginAction" class="com.internousdev.JissenKadai4.action.LoginAction" method="execute">
      <result name="success">loginSuccess.jsp</result>
      <result name="error">login.jsp</result>
      <result name="input">login.jsp</result>
                      <!-- Twitter認証を行うアクション -->
	</action>
		<action name="TwitterLogin" class="com.internousdev.JissenKadai4.action.GoTwitterAction"
			method="execute">
           <result name="success">login.jsp</result>
           <result name="error">loginSuccess.jsp</result>
       </action>

		<!-- Twitter認証のコールバックアクション -->
		<action name="LoginTwitterAction" class="com.internousdev.JissenKadai4.action.LoginTwitterAction"
			method="execute">
			<result name="success">/login.jsp</result>
			<result name="error">loginSuccess.jsp</result>
                </action>

		<!-- ここまでTwitter認証関係 -->
		<!-- ここからGoogle認証関係 -->

		<!-- Google認証を行うアクション -->
		<action name="GoGoogleAction"
			class="com.internousdev.JissenKadai4.action.GoGoogleAction" method="execute">
			<result name="success">login.jsp</result>
			<result name="error">login.jsp</result>

		</action>

		<!-- Google認証のコールバックアクション -->
		<action name="LoginGoogleAction"
			class="com.internousdev.JissenKadai4.action.LoginGoogleAction"
			method="execute">
			<result name="success">login.jsp</result>
			<result name="error">loginSuccess.jsp</result>

		</action>

		<!-- ここまでGoogle認証関係 -->
				<!-- ここからFacebook認証関係 -->

				<!-- ここからFacebook認証関係 -->
		<!-- Facebook認証を行うアクション -->
		<action name="FacebookLogin" class="com.internousdev.JissenKadai4.action.GoFacebookAction"
		method="execute">
		        <result name="success">login.jsp</result>
			<result name="error">login.jsp</result>
                </action>

		<!-- Facebook認証のコールバックアクション -->
		<action name="CallbackServlet" class="com.internousdev.JissenKadai4.action.LoginFacebookAction"
		method="execute">
			<result name="success">login.jsp</result>
			<result name="error">loginSuccess.jsp</result>
		</action>

		<!-- ここまでFacebook認証関係 -->
  </package>
</struts>